{
  "lstm": {
    "test_loss": 6.843759059906006,
    "test_accuracy": 0.038274724036455154,
    "precision": 0.0014649544314201527,
    "recall": 0.038274723139693025,
    "f1_score": 0.0028219013692064097,
    "training_time": 201.10835909843445,
    "epochs_trained": 4,
    "parameters": 1219418
  },
  "gru": {
    "test_loss": 6.9461236000061035,
    "test_accuracy": 0.039440449327230453,
    "precision": 0.0019159519781245828,
    "recall": 0.039440450748008546,
    "f1_score": 0.0035328825167552104,
    "training_time": 103.46010541915894,
    "epochs_trained": 3,
    "parameters": 1157418
  }
}